inventory_id,merchant_id,warehouse_id,sku,available_qty,reserved_qty
INV000001,M001,WH_EAST,WATCH_CLASSIC_BLACK,313,26
INV000002,M001,WH_SOUTH,WALLET_BROWN,307,55
INV000003,M001,WH_CENTRAL,SHOES_WHITE_9,15,9
INV000004,M001,WH_SOUTHWEST,KURTA_COTTON_M,120,14
INV000005,M001,WH_WEST,TSHIRT_BLACK_M,123,73
INV000006,M001,WH_NORTH,BACKPACK_GREY,176,63
INV000007,M001,WH_EAST,WOMEN_TOP_PINK_M,238,80
INV000008,M001,WH_SOUTH,WOMEN_TOP_PINK_M,139,46
INV000009,M001,WH_CENTRAL,BELT_BLACK,0,0
INV000010,M001,WH_CENTRAL,CAP_NAVY,232,10
INV000011,M001,WH_CENTRAL,BELT_BLACK,260,18
INV000012,M001,WH_SOUTH,JEANS_BLUE_34,194,3
INV000013,M001,WH_SOUTH,JEANS_BLUE_30,166,31
INV000014,M001,WH_NORTH,WOMEN_TOP_PINK_S,122,76
INV000015,M001,WH_SOUTHWEST,BACKPACK_GREY,28,4
INV000016,M001,WH_CENTRAL,WALLET_BROWN,236,62
INV000017,M001,WH_NORTH,TSHIRT_WHITE_M,78,7
INV000018,M001,WH_SOUTHWEST,BAG_LEATHER_BROWN,41,11
INV000019,M001,WH_SOUTHWEST,TSHIRT_NAVY_M,15,8
INV000020,M001,WH_SOUTHWEST,WATCH_CLASSIC_BLACK,43,43
INV000021,M001,WH_WEST,WATCH_CLASSIC_BLACK,86,55
INV000022,M001,WH_SOUTH,SHOES_BLACK_9,47,39
INV000023,M001,WH_WEST,SNEAKERS_GREY_8,49,16
INV000024,M001,WH_CENTRAL,FORMAL_TROUSER_BLACK_32,293,78
INV000025,M001,WH_EAST,FORMAL_SHIRT_BLUE_L,142,20
INV000026,M001,WH_CENTRAL,TRACKPANTS_BLACK_L,85,75
INV000027,M001,WH_NORTH,WATCH_SPORT_SILVER,233,1
INV000028,M001,WH_SOUTH,KURTA_COTTON_M,181,33
INV000029,M001,WH_CENTRAL,JEANS_BLUE_32,6,6
INV000030,M001,WH_SOUTHWEST,JEANS_BLUE_34,96,62
INV000031,M001,WH_WEST,HOODIE_GREY_M,90,0
INV000032,M001,WH_WEST,SHOES_WHITE_8,190,72
INV000033,M001,WH_WEST,SHOES_WHITE_8,136,3
INV000034,M001,WH_EAST,TSHIRT_BLACK_L,376,31
INV000035,M001,WH_SOUTHWEST,JACKET_DENIM_L,29,27
INV000036,M001,WH_SOUTHWEST,FORMAL_SHIRT_BLUE_M,9,7
INV000037,M001,WH_SOUTH,HOODIE_GREY_M,208,69
INV000038,M001,WH_SOUTH,SHOES_BLACK_9,82,20
INV000039,M001,WH_SOUTH,DRESS_RED_M,285,52
INV000040,M001,WH_CENTRAL,SUNGLASSES_BLACK,125,72
INV000041,M001,WH_NORTH,TSHIRT_WHITE_M,133,58
INV000042,M001,WH_SOUTH,DRESS_RED_S,382,38
INV000043,M001,WH_WEST,FORMAL_TROUSER_BLACK_32,41,16
INV000044,M001,WH_CENTRAL,BACKPACK_GREY,475,67
INV000045,M001,WH_SOUTH,BAG_CANVAS_BLACK,37,26
INV000046,M001,WH_SOUTH,BAG_LEATHER_BROWN,371,1
INV000047,M001,WH_NORTH,TSHIRT_BLACK_L,101,66
INV000048,M001,WH_SOUTHWEST,BAG_LEATHER_BROWN,11,7
INV000049,M001,WH_SOUTHWEST,CAP_NAVY,62,48
INV000050,M001,WH_SOUTH,WOMEN_TOP_PINK_S,266,37
INV000051,M001,WH_SOUTHWEST,TSHIRT_BLACK_M,86,21
INV000052,M001,WH_SOUTH,TSHIRT_BLACK_L,246,33
INV000053,M001,WH_NORTH,SAREE_SILK_RED,78,71
INV000054,M001,WH_WEST,TSHIRT_NAVY_M,150,17
INV000055,M001,WH_CENTRAL,JEANS_BLUE_30,236,10
INV000056,M001,WH_WEST,SAREE_SILK_RED,6,2
INV000057,M001,WH_SOUTHWEST,BACKPACK_GREY,5,4
INV000058,M001,WH_SOUTH,KURTA_COTTON_M,4,4
INV000059,M001,WH_NORTH,BAG_CANVAS_BLACK,193,13
INV000060,M001,WH_WEST,DRESS_RED_S,139,56
INV000061,M001,WH_WEST,WOMEN_TOP_PINK_M,42,40
INV000062,M001,WH_CENTRAL,HOODIE_GREY_L,134,71
INV000063,M001,WH_CENTRAL,DRESS_RED_M,438,34
INV000064,M001,WH_NORTH,SHOES_WHITE_8,39,13
INV000065,M001,WH_SOUTHWEST,JEANS_BLACK_32,23,9
INV000066,M001,WH_SOUTH,FORMAL_SHIRT_BLUE_M,176,69
INV000067,M001,WH_EAST,BACKPACK_GREY,461,30
INV000068,M001,WH_SOUTH,HOODIE_NAVY_L,73,67
INV000069,M001,WH_WEST,KURTA_COTTON_M,46,30
INV000070,M001,WH_EAST,WOMEN_TOP_PINK_M,244,4
INV000071,M001,WH_SOUTHWEST,SNEAKERS_GREY_8,70,69
INV000072,M001,WH_SOUTHWEST,BAG_LEATHER_BROWN,15,1
INV000073,M001,WH_WEST,HOODIE_NAVY_M,84,72
INV000074,M001,WH_CENTRAL,TSHIRT_WHITE_M,245,80
INV000075,M001,WH_NORTH,JEANS_BLUE_34,187,31
INV000076,M001,WH_EAST,SHOES_WHITE_9,108,69
INV000077,M001,WH_EAST,SHOES_WHITE_9,118,70
INV000078,M001,WH_SOUTHWEST,JACKET_DENIM_L,108,35
INV000079,M001,WH_EAST,WOMEN_TOP_PINK_M,8,6
INV000080,M001,WH_NORTH,WATCH_CLASSIC_BLACK,154,67
INV000081,M001,WH_SOUTH,BAG_LEATHER_BROWN,174,18
INV000082,M001,WH_SOUTHWEST,WATCH_CLASSIC_BLACK,96,13
INV000083,M001,WH_SOUTHWEST,TRACKPANTS_BLACK_M,111,12
INV000084,M001,WH_SOUTHWEST,SHOES_BLACK_8,78,63
INV000085,M001,WH_SOUTH,FORMAL_SHIRT_BLUE_M,203,57
INV000086,M001,WH_SOUTH,BAG_CANVAS_BLACK,161,31
INV000087,M001,WH_WEST,TRACKPANTS_BLACK_M,92,48
INV000088,M001,WH_WEST,KURTA_COTTON_M,93,21
INV000089,M001,WH_SOUTHWEST,JACKET_DENIM_M,115,23
INV000090,M001,WH_WEST,FORMAL_TROUSER_BLACK_34,6,5
INV000091,M001,WH_SOUTH,DRESS_RED_M,297,63
INV000092,M001,WH_WEST,HOODIE_GREY_M,146,4
INV000093,M001,WH_CENTRAL,SUNGLASSES_BLACK,272,23
INV000094,M001,WH_WEST,DRESS_RED_M,178,40
INV000095,M001,WH_CENTRAL,SHOES_WHITE_9,30,14
INV000096,M001,WH_SOUTH,DRESS_BLUE_S,159,27
INV000097,M001,WH_EAST,FORMAL_SHIRT_BLUE_L,221,6
INV000098,M001,WH_CENTRAL,KURTA_COTTON_L,132,29
INV000099,M001,WH_SOUTH,SHOES_WHITE_8,198,18
INV000100,M001,WH_WEST,WOMEN_TOP_PINK_M,5,2
INV000101,M001,WH_CENTRAL,SHOES_WHITE_8,1,1
INV000102,M001,WH_CENTRAL,KURTA_COTTON_L,300,11
INV000103,M001,WH_SOUTH,SUNGLASSES_BLACK,337,23
INV000104,M001,WH_CENTRAL,SHOES_BLACK_9,274,53
INV000105,M001,WH_SOUTH,SAREE_COTTON_BLUE,323,13
INV000106,M001,WH_CENTRAL,BACKPACK_GREY,333,73
INV000107,M001,WH_WEST,JEANS_BLACK_34,95,19
INV000108,M001,WH_SOUTH,BAG_LEATHER_BROWN,315,40
INV000109,M001,WH_NORTH,WOMEN_TOP_PINK_S,203,68
INV000110,M001,WH_SOUTHWEST,SNEAKERS_GREY_8,42,32
INV000111,M001,WH_EAST,WOMEN_TOP_PINK_M,228,0
INV000112,M001,WH_SOUTH,HOODIE_NAVY_M,92,11
INV000113,M001,WH_NORTH,SPORTS_TSHIRT_RED_M,112,21
INV000114,M001,WH_EAST,TRACKPANTS_BLACK_L,51,47
INV000115,M001,WH_CENTRAL,TRACKPANTS_BLACK_L,6,0
INV000116,M001,WH_EAST,TSHIRT_BLACK_M,279,78
INV000117,M001,WH_NORTH,BAG_CANVAS_BLACK,1,1
INV000118,M001,WH_SOUTH,HOODIE_NAVY_M,118,76
INV000119,M001,WH_CENTRAL,WOMEN_TOP_PINK_S,242,1
INV000120,M001,WH_SOUTH,DRESS_RED_S,347,6
INV000121,M001,WH_WEST,SUNGLASSES_BLACK,134,18
INV000122,M001,WH_SOUTHWEST,TRACKPANTS_BLACK_M,61,33
INV000123,M001,WH_NORTH,BACKPACK_GREY,42,21
INV000124,M001,WH_CENTRAL,HOODIE_GREY_L,282,46
INV000125,M001,WH_CENTRAL,SNEAKERS_GREY_8,414,32
INV000126,M001,WH_SOUTHWEST,SAREE_SILK_RED,106,0
INV000127,M001,WH_NORTH,HOODIE_GREY_L,218,55
INV000128,M001,WH_CENTRAL,TSHIRT_WHITE_M,0,0
INV000129,M001,WH_SOUTH,JACKET_DENIM_M,259,41
INV000130,M001,WH_SOUTH,SNEAKERS_GREY_8,133,76
INV000131,M001,WH_CENTRAL,TSHIRT_BLACK_M,466,46
INV000132,M001,WH_EAST,JEANS_BLUE_34,280,60
INV000133,M001,WH_SOUTH,WOMEN_TOP_PINK_M,93,72
INV000134,M001,WH_CENTRAL,WOMEN_TOP_PINK_S,223,19
INV000135,M001,WH_WEST,TRACKPANTS_BLACK_M,178,36
INV000136,M001,WH_NORTH,HOODIE_GREY_L,221,61
INV000137,M001,WH_EAST,WATCH_CLASSIC_BLACK,254,34
INV000138,M001,WH_WEST,FORMAL_TROUSER_BLACK_32,7,3
INV000139,M001,WH_CENTRAL,WATCH_CLASSIC_BLACK,271,31
INV000140,M001,WH_EAST,SPORTS_TSHIRT_RED_M,12,6
INV000141,M001,WH_SOUTHWEST,JEANS_BLUE_34,92,49
INV000142,M001,WH_CENTRAL,JEANS_BLUE_34,428,32
INV000143,M001,WH_SOUTH,DRESS_BLUE_S,0,0
INV000144,M001,WH_SOUTH,JEANS_BLUE_34,265,38
INV000145,M001,WH_SOUTHWEST,BACKPACK_GREY,59,55
INV000146,M001,WH_WEST,TRACKPANTS_BLACK_M,195,49
INV000147,M001,WH_CENTRAL,HOODIE_GREY_L,299,46
INV000148,M001,WH_SOUTH,PERFUME_100ML,198,48
INV000149,M001,WH_EAST,TSHIRT_WHITE_L,12,1
INV000150,M001,WH_SOUTHWEST,HOODIE_GREY_M,18,1
INV000151,M001,WH_WEST,JEANS_BLUE_34,170,60
INV000152,M001,WH_CENTRAL,PERFUME_100ML,195,19
INV000153,M001,WH_SOUTH,WOMEN_TOP_PINK_S,10,5
INV000154,M001,WH_SOUTH,PERFUME_100ML,247,38
INV000155,M001,WH_SOUTH,FORMAL_TROUSER_BLACK_34,232,7
INV000156,M001,WH_SOUTH,FORMAL_SHIRT_BLUE_L,96,66
INV000157,M001,WH_SOUTH,KURTA_COTTON_M,270,80
INV000158,M001,WH_NORTH,TSHIRT_NAVY_M,245,30
INV000159,M001,WH_WEST,FORMAL_SHIRT_BLUE_L,146,36
INV000160,M001,WH_WEST,JEANS_BLACK_34,213,66
INV000161,M001,WH_SOUTHWEST,KURTA_COTTON_M,23,18
INV000162,M001,WH_SOUTH,WATCH_CLASSIC_BLACK,205,3
INV000163,M001,WH_WEST,TSHIRT_BLACK_M,216,7
INV000164,M001,WH_SOUTH,HOODIE_GREY_M,235,73
INV000165,M001,WH_SOUTHWEST,TRACKPANTS_BLACK_M,58,55
INV000166,M001,WH_NORTH,DRESS_BLUE_S,67,9
INV000167,M001,WH_CENTRAL,TSHIRT_BLACK_M,433,52
INV000168,M001,WH_NORTH,PERFUME_100ML,134,38
INV000169,M001,WH_SOUTHWEST,TSHIRT_NAVY_M,108,65
INV000170,M001,WH_CENTRAL,TRACKPANTS_BLACK_M,296,1
INV000171,M001,WH_EAST,KURTA_COTTON_L,34,27
INV000172,M001,WH_SOUTHWEST,SNEAKERS_GREY_8,64,34
INV000173,M001,WH_EAST,DRESS_RED_M,264,54
INV000174,M001,WH_NORTH,KURTA_COTTON_M,91,55
INV000175,M001,WH_WEST,SUNGLASSES_BLACK,50,37
INV000176,M001,WH_SOUTH,SAREE_SILK_RED,48,20
INV000177,M001,WH_WEST,KURTA_COTTON_M,117,55
INV000178,M001,WH_CENTRAL,DRESS_BLUE_S,186,59
INV000179,M001,WH_SOUTH,FORMAL_SHIRT_BLUE_M,74,70
INV000180,M001,WH_CENTRAL,SHOES_BLACK_8,257,64
INV000181,M001,WH_NORTH,JEANS_BLUE_32,232,14
INV000182,M001,WH_SOUTHWEST,SNEAKERS_GREY_9,92,59
INV000183,M001,WH_SOUTH,SHOES_WHITE_8,194,30
INV000184,M001,WH_CENTRAL,WOMEN_TOP_PINK_S,6,6
INV000185,M001,WH_CENTRAL,SAREE_SILK_RED,9,4
INV000186,M001,WH_EAST,KURTA_COTTON_M,6,3
INV000187,M001,WH_NORTH,JEANS_BLUE_32,203,52
INV000188,M001,WH_WEST,HOODIE_NAVY_L,225,66
INV000189,M001,WH_NORTH,SHOES_BLACK_8,61,26
INV000190,M001,WH_SOUTH,WATCH_CLASSIC_BLACK,26,21
INV000191,M001,WH_SOUTHWEST,SHOES_BLACK_9,86,11
INV000192,M001,WH_NORTH,SNEAKERS_GREY_8,68,28
INV000193,M001,WH_NORTH,JACKET_DENIM_L,139,18
INV000194,M001,WH_SOUTHWEST,DRESS_RED_M,18,5
INV000195,M001,WH_SOUTH,JEANS_BLUE_34,229,65
INV000196,M001,WH_CENTRAL,TSHIRT_WHITE_M,2,0
INV000197,M001,WH_CENTRAL,BAG_CANVAS_BLACK,308,62
INV000198,M001,WH_NORTH,SPORTS_TSHIRT_RED_M,68,5
INV000199,M001,WH_CENTRAL,DRESS_RED_M,489,31
INV000200,M001,WH_EAST,TSHIRT_WHITE_L,275,54
INV000201,M001,WH_WEST,BAG_CANVAS_BLACK,129,8
INV000202,M001,WH_SOUTHWEST,WATCH_CLASSIC_BLACK,79,26
INV000203,M001,WH_CENTRAL,WALLET_BROWN,227,58
INV000204,M001,WH_NORTH,BACKPACK_GREY,36,11
INV000205,M001,WH_CENTRAL,BACKPACK_GREY,446,76
INV000206,M001,WH_SOUTHWEST,WATCH_CLASSIC_BLACK,10,8
INV000207,M001,WH_NORTH,TSHIRT_NAVY_M,90,56
INV000208,M001,WH_CENTRAL,FORMAL_TROUSER_BLACK_32,163,43
INV000209,M001,WH_EAST,WOMEN_TOP_PINK_M,10,3
INV000210,M001,WH_SOUTHWEST,SAREE_SILK_RED,27,24
INV000211,M001,WH_SOUTHWEST,JEANS_BLUE_34,111,13
INV000212,M001,WH_EAST,WATCH_CLASSIC_BLACK,350,62
INV000213,M001,WH_SOUTHWEST,TSHIRT_NAVY_M,117,9
INV000214,M001,WH_NORTH,SAREE_SILK_RED,51,34
INV000215,M001,WH_EAST,BACKPACK_GREY,487,23
INV000216,M001,WH_CENTRAL,TSHIRT_WHITE_M,2,2
INV000217,M001,WH_WEST,TSHIRT_BLACK_M,243,64
INV000218,M001,WH_WEST,BELT_BLACK,6,0
INV000219,M001,WH_EAST,WOMEN_TOP_PINK_M,356,57
INV000220,M001,WH_EAST,FORMAL_SHIRT_BLUE_M,337,57
INV000221,M001,WH_SOUTHWEST,CAP_NAVY,82,31
INV000222,M001,WH_WEST,TSHIRT_BLACK_M,175,2
INV000223,M001,WH_NORTH,JEANS_BLUE_34,167,16
INV000224,M001,WH_EAST,SAREE_COTTON_BLUE,254,64
INV000225,M001,WH_EAST,SAREE_SILK_RED,340,20
INV000226,M001,WH_CENTRAL,TRACKPANTS_BLACK_M,250,75
INV000227,M001,WH_SOUTH,SAREE_SILK_RED,155,57
INV000228,M001,WH_CENTRAL,BAG_CANVAS_BLACK,295,59
INV000229,M001,WH_WEST,TSHIRT_NAVY_M,201,6
INV000230,M001,WH_EAST,BAG_CANVAS_BLACK,242,19
INV000231,M001,WH_NORTH,TSHIRT_WHITE_M,95,59
INV000232,M001,WH_SOUTHWEST,TSHIRT_BLACK_L,45,30
INV000233,M001,WH_SOUTH,WALLET_BROWN,363,49
INV000234,M001,WH_NORTH,SHOES_WHITE_9,82,15
INV000235,M001,WH_EAST,FORMAL_SHIRT_BLUE_M,236,40
INV000236,M001,WH_SOUTH,KURTA_COTTON_M,60,1
INV000237,M001,WH_SOUTH,SAREE_SILK_RED,282,14
INV000238,M001,WH_NORTH,JEANS_BLUE_32,136,67
INV000239,M001,WH_NORTH,WATCH_SPORT_SILVER,236,59
INV000240,M001,WH_WEST,SUNGLASSES_BLACK,42,28
INV000241,M001,WH_NORTH,KURTA_COTTON_M,5,1
INV000242,M001,WH_CENTRAL,SAREE_SILK_RED,347,13
INV000243,M001,WH_SOUTHWEST,SNEAKERS_GREY_9,54,17
INV000244,M001,WH_CENTRAL,KURTA_COTTON_L,168,69
INV000245,M001,WH_SOUTHWEST,JACKET_DENIM_M,33,19
INV000246,M001,WH_SOUTH,KURTA_COTTON_L,191,59
INV000247,M001,WH_NORTH,JEANS_BLACK_34,64,56
INV000248,M001,WH_NORTH,TSHIRT_WHITE_L,118,79
INV000249,M001,WH_SOUTHWEST,CAP_NAVY,107,57
INV000250,M001,WH_SOUTHWEST,SPORTS_TSHIRT_RED_L,80,17
INV000251,M001,WH_NORTH,TSHIRT_NAVY_M,4,4
INV000252,M001,WH_CENTRAL,JEANS_BLUE_34,275,78
INV000253,M001,WH_SOUTH,JACKET_DENIM_M,85,61
INV000254,M001,WH_SOUTHWEST,SNEAKERS_GREY_9,78,23
INV000255,M001,WH_NORTH,SHOES_WHITE_8,123,76
INV000256,M001,WH_EAST,BAG_CANVAS_BLACK,395,41
INV000257,M001,WH_SOUTH,BAG_LEATHER_BROWN,152,3
INV000258,M001,WH_NORTH,BAG_CANVAS_BLACK,60,5
INV000259,M001,WH_SOUTH,BACKPACK_GREY,205,67
INV000260,M001,WH_CENTRAL,CAP_NAVY,204,10
INV000261,M001,WH_CENTRAL,BACKPACK_GREY,377,3
INV000262,M001,WH_WEST,TSHIRT_BLACK_M,90,47
INV000263,M001,WH_SOUTHWEST,SAREE_SILK_RED,70,69
INV000264,M001,WH_SOUTHWEST,JEANS_BLACK_32,10,10
INV000265,M001,WH_SOUTHWEST,TSHIRT_NAVY_M,6,5
INV000266,M001,WH_SOUTHWEST,DRESS_RED_M,3,3
INV000267,M001,WH_EAST,TRACKPANTS_BLACK_L,245,23
INV000268,M001,WH_EAST,DRESS_RED_S,53,27
INV000269,M001,WH_CENTRAL,FORMAL_TROUSER_BLACK_32,4,1
INV000270,M001,WH_EAST,FORMAL_SHIRT_BLUE_M,0,0
INV000271,M001,WH_SOUTHWEST,SHOES_BLACK_8,31,14
INV000272,M001,WH_EAST,BACKPACK_GREY,452,31
INV000273,M001,WH_NORTH,WOMEN_TOP_PINK_M,138,14
INV000274,M001,WH_NORTH,SPORTS_TSHIRT_RED_L,33,31
INV000275,M001,WH_NORTH,PERFUME_100ML,199,21
INV000276,M001,WH_WEST,SNEAKERS_GREY_8,242,73
INV000277,M001,WH_EAST,KURTA_COTTON_L,50,12
INV000278,M001,WH_WEST,BAG_CANVAS_BLACK,10,9
INV000279,M001,WH_NORTH,DRESS_RED_M,58,5
INV000280,M001,WH_SOUTH,KURTA_COTTON_M,214,3
INV000281,M001,WH_NORTH,DRESS_BLUE_M,99,23
INV000282,M001,WH_WEST,SAREE_SILK_RED,56,21
INV000283,M001,WH_SOUTHWEST,SAREE_COTTON_BLUE,60,2
INV000284,M001,WH_NORTH,JEANS_BLUE_32,35,21
INV000285,M001,WH_SOUTH,DRESS_BLUE_M,280,10
INV000286,M001,WH_WEST,KURTA_COTTON_M,154,23
INV000287,M001,WH_NORTH,KURTA_COTTON_M,5,2
INV000288,M001,WH_NORTH,JACKET_DENIM_M,199,13
INV000289,M001,WH_EAST,SPORTS_TSHIRT_RED_M,278,67
INV000290,M001,WH_SOUTHWEST,FORMAL_SHIRT_BLUE_M,0,0
INV000291,M001,WH_SOUTHWEST,SNEAKERS_GREY_9,119,77
INV000292,M001,WH_SOUTHWEST,TSHIRT_BLACK_M,98,28
INV000293,M001,WH_SOUTHWEST,SAREE_COTTON_BLUE,16,8
INV000294,M001,WH_SOUTHWEST,SNEAKERS_GREY_8,112,25
INV000295,M001,WH_SOUTHWEST,TRACKPANTS_BLACK_M,32,13
INV000296,M001,WH_WEST,SHOES_WHITE_8,74,10
INV000297,M001,WH_EAST,WOMEN_TOP_PINK_M,288,25
INV000298,M001,WH_SOUTH,TSHIRT_BLACK_L,3,1
INV000299,M001,WH_NORTH,DRESS_BLUE_S,93,27
INV000300,M001,WH_SOUTH,SHOES_BLACK_8,204,30
INV000301,M001,WH_WEST,FORMAL_TROUSER_BLACK_34,64,62
INV000302,M001,WH_CENTRAL,HOODIE_GREY_M,416,1
INV000303,M001,WH_EAST,SPORTS_TSHIRT_RED_M,130,61
INV000304,M001,WH_SOUTHWEST,JEANS_BLUE_34,83,63
INV000305,M001,WH_CENTRAL,SHOES_BLACK_8,10,8
INV000306,M001,WH_SOUTH,WATCH_SPORT_SILVER,52,1
INV000307,M001,WH_SOUTHWEST,SPORTS_TSHIRT_RED_L,107,71
INV000308,M001,WH_CENTRAL,TSHIRT_BLACK_M,206,71
INV000309,M001,WH_NORTH,HOODIE_GREY_M,154,48
INV000310,M001,WH_EAST,SAREE_SILK_RED,446,43
INV000311,M001,WH_SOUTH,KURTA_COTTON_M,105,25
INV000312,M001,WH_SOUTH,WATCH_SPORT_SILVER,148,24
INV000313,M001,WH_CENTRAL,TSHIRT_BLACK_L,324,58
INV000314,M001,WH_CENTRAL,SUNGLASSES_BLACK,262,58
INV000315,M001,WH_NORTH,SNEAKERS_GREY_9,40,4
INV000316,M001,WH_NORTH,JACKET_DENIM_L,159,5
INV000317,M001,WH_NORTH,TSHIRT_BLACK_M,80,51
INV000318,M001,WH_NORTH,SNEAKERS_GREY_8,51,13
INV000319,M001,WH_SOUTHWEST,TRACKPANTS_BLACK_M,61,20
INV000320,M001,WH_EAST,HOODIE_GREY_M,212,40
INV000321,M001,WH_SOUTH,JACKET_DENIM_M,30,30
INV000322,M001,WH_NORTH,JACKET_DENIM_L,214,12
INV000323,M001,WH_WEST,TSHIRT_BLACK_M,231,50
INV000324,M001,WH_NORTH,JEANS_BLACK_34,90,61
INV000325,M001,WH_WEST,WOMEN_TOP_PINK_M,172,36
INV000326,M001,WH_SOUTH,WATCH_SPORT_SILVER,181,57
INV000327,M001,WH_SOUTHWEST,JEANS_BLUE_32,80,52
INV000328,M001,WH_SOUTHWEST,TRACKPANTS_BLACK_M,103,44
INV000329,M001,WH_SOUTH,FORMAL_SHIRT_BLUE_L,4,1
INV000330,M001,WH_CENTRAL,WOMEN_TOP_PINK_M,421,0
INV000331,M001,WH_SOUTHWEST,DRESS_RED_M,21,7
INV000332,M001,WH_CENTRAL,SHOES_BLACK_8,295,51
INV000333,M001,WH_WEST,JEANS_BLACK_32,187,57
INV000334,M001,WH_NORTH,HOODIE_GREY_M,64,59
INV000335,M001,WH_SOUTH,SNEAKERS_GREY_9,13,9
INV000336,M001,WH_SOUTH,TSHIRT_BLACK_M,154,2
INV000337,M001,WH_EAST,KURTA_COTTON_M,500,42
INV000338,M001,WH_NORTH,HOODIE_GREY_L,50,4
INV000339,M001,WH_SOUTH,KURTA_COTTON_L,150,72
INV000340,M001,WH_NORTH,DRESS_BLUE_M,90,33
INV000341,M001,WH_NORTH,SHOES_BLACK_8,32,26
INV000342,M001,WH_CENTRAL,KURTA_COTTON_M,380,71
INV000343,M001,WH_SOUTHWEST,TRACKPANTS_BLACK_M,72,48
INV000344,M001,WH_WEST,CAP_NAVY,100,45
INV000345,M001,WH_NORTH,TSHIRT_BLACK_L,185,67
INV000346,M001,WH_NORTH,WOMEN_TOP_PINK_M,198,56
INV000347,M001,WH_SOUTH,FORMAL_SHIRT_BLUE_M,32,2
INV000348,M001,WH_SOUTHWEST,CAP_NAVY,28,18
INV000349,M001,WH_WEST,HOODIE_GREY_M,67,37
INV000350,M001,WH_CENTRAL,WATCH_CLASSIC_BLACK,352,21
INV000351,M001,WH_EAST,TSHIRT_WHITE_L,54,18
INV000352,M001,WH_CENTRAL,FORMAL_SHIRT_BLUE_M,304,11
INV000353,M001,WH_SOUTH,WOMEN_TOP_PINK_M,124,29
INV000354,M001,WH_NORTH,HOODIE_GREY_L,0,0
INV000355,M001,WH_SOUTHWEST,SAREE_SILK_RED,37,10
INV000356,M001,WH_WEST,SUNGLASSES_BLACK,189,0
INV000357,M001,WH_CENTRAL,BACKPACK_GREY,2,2
INV000358,M001,WH_NORTH,SPORTS_TSHIRT_RED_L,80,74
INV000359,M001,WH_SOUTHWEST,JACKET_DENIM_M,43,31
INV000360,M001,WH_SOUTHWEST,SHOES_WHITE_8,82,21
INV000361,M001,WH_EAST,SAREE_COTTON_BLUE,12,5
INV000362,M001,WH_SOUTH,TSHIRT_BLACK_M,2,1
INV000363,M001,WH_NORTH,SAREE_SILK_RED,121,27
INV000364,M001,WH_CENTRAL,KURTA_COTTON_L,42,27
INV000365,M001,WH_CENTRAL,TSHIRT_BLACK_M,203,20
INV000366,M001,WH_SOUTHWEST,JEANS_BLUE_32,28,25
INV000367,M001,WH_CENTRAL,SHOES_WHITE_8,259,67
INV000368,M001,WH_CENTRAL,DRESS_BLUE_M,245,29
INV000369,M001,WH_SOUTHWEST,TSHIRT_WHITE_L,63,0
INV000370,M001,WH_EAST,SAREE_COTTON_BLUE,179,45
INV000371,M001,WH_NORTH,JACKET_DENIM_M,187,62
INV000372,M001,WH_SOUTHWEST,SPORTS_TSHIRT_RED_L,52,2
INV000373,M001,WH_SOUTH,JEANS_BLUE_32,300,62
INV000374,M001,WH_CENTRAL,SHOES_WHITE_8,395,23
INV000375,M001,WH_SOUTHWEST,JACKET_DENIM_M,41,15
INV000376,M001,WH_WEST,DRESS_BLUE_S,185,49
INV000377,M001,WH_WEST,FORMAL_SHIRT_BLUE_L,154,33
INV000378,M001,WH_NORTH,KURTA_COTTON_M,170,29
INV000379,M001,WH_CENTRAL,HOODIE_GREY_M,496,18
INV000380,M001,WH_WEST,DRESS_BLUE_S,32,31
INV000381,M001,WH_SOUTHWEST,SPORTS_TSHIRT_RED_L,46,39
INV000382,M001,WH_WEST,HOODIE_GREY_M,4,1
INV000383,M001,WH_EAST,JEANS_BLUE_34,235,3
INV000384,M001,WH_SOUTH,WATCH_SPORT_SILVER,52,33
INV000385,M001,WH_WEST,FORMAL_SHIRT_BLUE_L,173,71
INV000386,M001,WH_SOUTH,HOODIE_GREY_M,158,78
INV000387,M001,WH_WEST,PERFUME_100ML,124,25
INV000388,M001,WH_WEST,HOODIE_GREY_M,214,13
INV000389,M001,WH_CENTRAL,FORMAL_SHIRT_BLUE_M,463,32
INV000390,M001,WH_SOUTHWEST,WOMEN_TOP_PINK_M,113,23
INV000391,M001,WH_WEST,DRESS_BLUE_S,167,1
INV000392,M001,WH_SOUTH,SHOES_BLACK_8,274,68
INV000393,M001,WH_EAST,FORMAL_SHIRT_BLUE_M,459,28
INV000394,M001,WH_SOUTH,KURTA_COTTON_L,10,8
INV000395,M001,WH_WEST,DRESS_RED_M,229,8
INV000396,M001,WH_SOUTHWEST,JEANS_BLUE_32,19,1
INV000397,M001,WH_CENTRAL,SNEAKERS_GREY_8,346,51
INV000398,M001,WH_EAST,JEANS_BLUE_32,336,46
INV000399,M001,WH_CENTRAL,JEANS_BLUE_32,247,47
INV000400,M001,WH_SOUTHWEST,TRACKPANTS_BLACK_M,45,25
INV000401,M001,WH_CENTRAL,DRESS_RED_M,333,61
INV000402,M001,WH_WEST,TSHIRT_BLACK_M,2,0
INV000403,M001,WH_NORTH,SNEAKERS_GREY_9,162,30
INV000404,M001,WH_CENTRAL,FORMAL_TROUSER_BLACK_32,187,70
INV000405,M001,WH_WEST,JEANS_BLUE_34,230,70
INV000406,M001,WH_CENTRAL,JEANS_BLUE_34,464,29
INV000407,M001,WH_SOUTH,JEANS_BLUE_30,185,1
INV000408,M001,WH_CENTRAL,TRACKPANTS_BLACK_M,69,8
INV000409,M001,WH_WEST,BELT_BLACK,135,5
INV000410,M001,WH_CENTRAL,HOODIE_GREY_L,217,29
INV000411,M001,WH_CENTRAL,HOODIE_GREY_L,175,26
INV000412,M001,WH_SOUTHWEST,JEANS_BLACK_32,87,49
INV000413,M001,WH_SOUTH,WATCH_CLASSIC_BLACK,74,36
INV000414,M001,WH_SOUTH,FORMAL_TROUSER_BLACK_34,221,54
INV000415,M001,WH_SOUTHWEST,BAG_CANVAS_BLACK,42,7
INV000416,M001,WH_EAST,TSHIRT_BLACK_L,386,57
INV000417,M001,WH_WEST,SUNGLASSES_BLACK,62,57
INV000418,M001,WH_SOUTH,WOMEN_TOP_PINK_S,208,44
INV000419,M001,WH_CENTRAL,SHOES_WHITE_9,43,8
INV000420,M001,WH_WEST,KURTA_COTTON_M,148,70
INV000421,M001,WH_EAST,HOODIE_GREY_M,351,76
INV000422,M001,WH_EAST,SAREE_SILK_RED,295,45
INV000423,M001,WH_EAST,BACKPACK_GREY,496,35
INV000424,M001,WH_EAST,BAG_CANVAS_BLACK,393,28
INV000425,M001,WH_SOUTHWEST,BAG_LEATHER_BROWN,40,3
INV000426,M001,WH_CENTRAL,FORMAL_SHIRT_BLUE_L,214,36
INV000427,M001,WH_SOUTHWEST,SNEAKERS_GREY_8,120,0
INV000428,M001,WH_WEST,TSHIRT_NAVY_M,138,62
INV000429,M001,WH_SOUTH,SNEAKERS_GREY_9,1,0
INV000430,M001,WH_EAST,SHOES_BLACK_8,10,8
INV000431,M001,WH_CENTRAL,JEANS_BLUE_34,433,6
INV000432,M001,WH_WEST,PERFUME_100ML,35,28
INV000433,M001,WH_NORTH,TSHIRT_WHITE_L,0,0
INV000434,M001,WH_WEST,FORMAL_TROUSER_BLACK_34,105,18
INV000435,M001,WH_NORTH,KURTA_COTTON_M,228,45
INV000436,M001,WH_NORTH,DRESS_BLUE_S,202,50
INV000437,M001,WH_SOUTH,BACKPACK_GREY,288,80
INV000438,M001,WH_EAST,SHOES_BLACK_8,461,7
INV000439,M001,WH_SOUTHWEST,HOODIE_GREY_M,99,12
INV000440,M001,WH_SOUTH,JEANS_BLUE_32,145,69
INV000441,M001,WH_EAST,JEANS_BLUE_32,359,42
INV000442,M001,WH_NORTH,TSHIRT_BLACK_M,1,0
INV000443,M001,WH_EAST,SNEAKERS_GREY_8,341,22
INV000444,M001,WH_SOUTH,FORMAL_TROUSER_BLACK_34,73,7
INV000445,M001,WH_SOUTH,FORMAL_TROUSER_BLACK_34,217,10
INV000446,M001,WH_SOUTH,DRESS_RED_S,213,23
INV000447,M001,WH_CENTRAL,BAG_LEATHER_BROWN,61,10
INV000448,M001,WH_NORTH,WATCH_CLASSIC_BLACK,219,40
INV000449,M001,WH_SOUTHWEST,BACKPACK_GREY,105,9
INV000450,M001,WH_CENTRAL,FORMAL_SHIRT_BLUE_L,285,56
INV000451,M001,WH_SOUTH,DRESS_RED_M,264,27
INV000452,M001,WH_NORTH,BACKPACK_GREY,234,74
INV000453,M001,WH_SOUTH,SNEAKERS_GREY_8,208,55
INV000454,M001,WH_SOUTHWEST,SPORTS_TSHIRT_RED_L,92,47
INV000455,M001,WH_WEST,CAP_NAVY,179,71
INV000456,M001,WH_SOUTH,WOMEN_TOP_PINK_M,203,71
INV000457,M001,WH_NORTH,TSHIRT_BLACK_M,150,67
INV000458,M001,WH_SOUTH,FORMAL_SHIRT_BLUE_M,178,56
INV000459,M001,WH_CENTRAL,TSHIRT_BLACK_L,256,10
INV000460,M001,WH_EAST,WOMEN_TOP_PINK_M,467,61
INV000461,M001,WH_WEST,TSHIRT_BLACK_L,207,66
INV000462,M001,WH_NORTH,TSHIRT_BLACK_L,59,28
INV000463,M001,WH_WEST,DRESS_RED_M,34,12
INV000464,M001,WH_WEST,JEANS_BLUE_32,85,68
INV000465,M001,WH_SOUTHWEST,WALLET_BROWN,107,56
INV000466,M001,WH_NORTH,SHOES_BLACK_8,69,56
INV000467,M001,WH_WEST,TSHIRT_BLACK_L,214,49
INV000468,M001,WH_EAST,TSHIRT_BLACK_L,465,53
INV000469,M001,WH_CENTRAL,TRACKPANTS_BLACK_M,33,14
INV000470,M001,WH_CENTRAL,DRESS_BLUE_M,204,61
INV000471,M001,WH_WEST,HOODIE_NAVY_M,207,5
INV000472,M001,WH_WEST,FORMAL_SHIRT_BLUE_M,208,22
INV000473,M001,WH_EAST,FORMAL_SHIRT_BLUE_L,275,3
INV000474,M001,WH_SOUTH,KURTA_COTTON_L,273,75
INV000475,M001,WH_NORTH,SPORTS_TSHIRT_RED_L,112,52
INV000476,M001,WH_SOUTH,SHOES_BLACK_9,92,35
INV000477,M001,WH_SOUTH,HOODIE_NAVY_L,45,9
INV000478,M001,WH_EAST,BACKPACK_GREY,343,13
INV000479,M001,WH_WEST,JEANS_BLUE_32,215,9
INV000480,M001,WH_SOUTH,SNEAKERS_GREY_8,146,10
INV000481,M001,WH_EAST,SHOES_WHITE_8,338,44
INV000482,M001,WH_NORTH,HOODIE_GREY_L,163,32
INV000483,M001,WH_CENTRAL,DRESS_BLUE_S,175,15
INV000484,M001,WH_SOUTH,HOODIE_NAVY_L,128,27
INV000485,M001,WH_SOUTH,KURTA_COTTON_L,288,44
INV000486,M001,WH_SOUTHWEST,TSHIRT_WHITE_L,6,5
INV000487,M001,WH_NORTH,WATCH_SPORT_SILVER,184,75
INV000488,M001,WH_WEST,CAP_NAVY,62,22
INV000489,M001,WH_CENTRAL,SNEAKERS_GREY_8,4,0
INV000490,M001,WH_NORTH,WOMEN_TOP_PINK_S,122,79
INV000491,M001,WH_SOUTH,SNEAKERS_GREY_8,70,69
INV000492,M001,WH_SOUTH,DRESS_BLUE_M,198,36
INV000493,M001,WH_EAST,SPORTS_TSHIRT_RED_M,77,45
INV000494,M001,WH_SOUTH,DRESS_RED_S,362,17
INV000495,M001,WH_WEST,SNEAKERS_GREY_8,0,0
INV000496,M001,WH_SOUTH,JEANS_BLUE_34,246,9
INV000497,M001,WH_WEST,SAREE_SILK_RED,100,61
INV000498,M001,WH_CENTRAL,TSHIRT_BLACK_L,402,29
INV000499,M001,WH_EAST,SPORTS_TSHIRT_RED_M,202,13
INV000500,M001,WH_NORTH,PERFUME_100ML,156,5
INV000501,M001,WH_CENTRAL,JEANS_BLUE_30,120,16
INV000502,M001,WH_CENTRAL,SNEAKERS_GREY_8,359,29
INV000503,M001,WH_SOUTHWEST,KURTA_COTTON_M,7,7
INV000504,M001,WH_NORTH,JACKET_DENIM_L,180,19
INV000505,M001,WH_WEST,JEANS_BLACK_32,225,10
INV000506,M001,WH_SOUTH,SAREE_COTTON_BLUE,395,58
INV000507,M001,WH_WEST,SHOES_BLACK_8,2,1
INV000508,M001,WH_SOUTHWEST,TSHIRT_WHITE_L,40,25
INV000509,M001,WH_CENTRAL,TSHIRT_BLACK_L,206,12
INV000510,M001,WH_SOUTHWEST,TSHIRT_WHITE_L,20,3
INV000511,M001,WH_SOUTH,WATCH_SPORT_SILVER,246,4
INV000512,M001,WH_SOUTHWEST,SNEAKERS_GREY_9,72,36
INV000513,M001,WH_NORTH,WOMEN_TOP_PINK_S,34,2
INV000514,M001,WH_EAST,DRESS_RED_S,294,11
INV000515,M001,WH_NORTH,KURTA_COTTON_L,119,11
INV000516,M001,WH_SOUTH,WATCH_CLASSIC_BLACK,250,66
INV000517,M001,WH_WEST,HOODIE_NAVY_M,238,23
INV000518,M001,WH_SOUTH,SUNGLASSES_BLACK,238,51
INV000519,M001,WH_NORTH,SHOES_WHITE_9,207,47
INV000520,M001,WH_SOUTH,WOMEN_TOP_PINK_M,208,71
INV000521,M001,WH_NORTH,JACKET_DENIM_M,168,34
INV000522,M001,WH_WEST,FORMAL_TROUSER_BLACK_34,201,43
INV000523,M001,WH_CENTRAL,PERFUME_100ML,9,5
INV000524,M001,WH_EAST,JEANS_BLUE_34,392,0
INV000525,M001,WH_NORTH,KURTA_COTTON_L,226,20
INV000526,M001,WH_NORTH,SNEAKERS_GREY_9,162,49
INV000527,M001,WH_CENTRAL,WOMEN_TOP_PINK_M,449,77
INV000528,M001,WH_NORTH,DRESS_RED_M,73,8
INV000529,M001,WH_SOUTH,KURTA_COTTON_L,285,60
INV000530,M001,WH_CENTRAL,WOMEN_TOP_PINK_M,239,9
INV000531,M001,WH_SOUTHWEST,TSHIRT_BLACK_L,104,52
INV000532,M001,WH_NORTH,SPORTS_TSHIRT_RED_L,89,36
INV000533,M001,WH_WEST,TSHIRT_NAVY_M,78,29
INV000534,M001,WH_NORTH,SAREE_SILK_RED,92,11
INV000535,M001,WH_SOUTH,TSHIRT_BLACK_L,72,62
INV000536,M001,WH_EAST,TRACKPANTS_BLACK_L,26,25
INV000537,M001,WH_WEST,PERFUME_100ML,103,61
INV000538,M001,WH_EAST,DRESS_RED_M,470,26
INV000539,M001,WH_EAST,TSHIRT_BLACK_M,492,72
INV000540,M001,WH_WEST,FORMAL_SHIRT_BLUE_L,9,7
INV000541,M001,WH_NORTH,SNEAKERS_GREY_8,185,2
INV000542,M001,WH_WEST,FORMAL_TROUSER_BLACK_34,3,1
INV000543,M001,WH_WEST,BAG_CANVAS_BLACK,242,77
INV000544,M001,WH_NORTH,DRESS_BLUE_M,59,32
INV000545,M001,WH_WEST,HOODIE_GREY_M,115,20
INV000546,M001,WH_WEST,SHOES_BLACK_8,187,56
INV000547,M001,WH_CENTRAL,SUNGLASSES_BLACK,26,8
INV000548,M001,WH_SOUTHWEST,SHOES_BLACK_9,36,13
INV000549,M001,WH_SOUTHWEST,BAG_CANVAS_BLACK,5,3
INV000550,M001,WH_CENTRAL,SNEAKERS_GREY_8,425,11
INV000551,M001,WH_NORTH,SNEAKERS_GREY_9,104,49
INV000552,M001,WH_CENTRAL,SNEAKERS_GREY_8,499,50
INV000553,M001,WH_SOUTHWEST,DRESS_RED_M,4,1
INV000554,M001,WH_EAST,KURTA_COTTON_M,485,44
INV000555,M001,WH_SOUTH,JACKET_DENIM_M,250,71
INV000556,M001,WH_NORTH,BACKPACK_GREY,158,43
INV000557,M001,WH_CENTRAL,WATCH_CLASSIC_BLACK,254,33
INV000558,M001,WH_SOUTHWEST,TSHIRT_WHITE_L,38,4
INV000559,M001,WH_SOUTHWEST,SHOES_WHITE_8,31,8
INV000560,M001,WH_NORTH,SUNGLASSES_BLACK,110,23
INV000561,M001,WH_EAST,SHOES_BLACK_8,325,44
INV000562,M001,WH_SOUTHWEST,SHOES_WHITE_8,43,14
INV000563,M001,WH_EAST,HOODIE_GREY_M,435,68
INV000564,M001,WH_CENTRAL,WOMEN_TOP_PINK_S,30,12
INV000565,M001,WH_SOUTH,SHOES_WHITE_8,51,39
INV000566,M001,WH_WEST,HOODIE_NAVY_M,183,5
INV000567,M001,WH_NORTH,DRESS_BLUE_S,102,26
INV000568,M001,WH_CENTRAL,SAREE_SILK_RED,473,6
INV000569,M001,WH_NORTH,JEANS_BLUE_32,32,6
INV000570,M001,WH_SOUTH,JEANS_BLUE_32,1,1
INV000571,M001,WH_SOUTHWEST,SHOES_BLACK_8,3,3
INV000572,M001,WH_CENTRAL,SAREE_SILK_RED,263,33
INV000573,M001,WH_CENTRAL,TSHIRT_WHITE_M,263,59
INV000574,M001,WH_EAST,SHOES_BLACK_8,257,55
INV000575,M001,WH_WEST,SAREE_COTTON_BLUE,3,1
INV000576,M001,WH_EAST,JEANS_BLUE_32,484,13
INV000577,M001,WH_SOUTHWEST,SPORTS_TSHIRT_RED_L,7,0
INV000578,M001,WH_SOUTHWEST,JEANS_BLUE_32,5,0
INV000579,M001,WH_CENTRAL,BAG_LEATHER_BROWN,142,67
INV000580,M001,WH_WEST,SAREE_COTTON_BLUE,184,48
INV000581,M001,WH_SOUTHWEST,HOODIE_GREY_M,71,2
INV000582,M001,WH_EAST,KURTA_COTTON_L,293,65
INV000583,M001,WH_SOUTH,DRESS_BLUE_M,365,59
INV000584,M001,WH_CENTRAL,TSHIRT_WHITE_M,98,28
INV000585,M001,WH_SOUTH,WALLET_BROWN,321,32
INV000586,M001,WH_SOUTHWEST,BAG_LEATHER_BROWN,115,1
INV000587,M001,WH_CENTRAL,HOODIE_GREY_M,415,1
INV000588,M001,WH_SOUTH,FORMAL_SHIRT_BLUE_M,3,1
INV000589,M001,WH_SOUTH,FORMAL_SHIRT_BLUE_L,75,26
INV000590,M001,WH_EAST,TSHIRT_WHITE_L,282,21
INV000591,M001,WH_WEST,BACKPACK_GREY,76,27
INV000592,M001,WH_EAST,SHOES_BLACK_8,434,63
INV000593,M001,WH_CENTRAL,KURTA_COTTON_L,69,4
INV000594,M001,WH_SOUTH,WALLET_BROWN,235,40
INV000595,M001,WH_NORTH,DRESS_BLUE_M,37,34
INV000596,M001,WH_CENTRAL,SHOES_BLACK_9,274,5
INV000597,M001,WH_SOUTH,BAG_CANVAS_BLACK,209,46
INV000598,M001,WH_NORTH,SPORTS_TSHIRT_RED_M,227,56
INV000599,M001,WH_SOUTHWEST,JACKET_DENIM_L,63,59
INV000600,M001,WH_NORTH,FORMAL_SHIRT_BLUE_M,169,64
INV000601,M001,WH_SOUTHWEST,JEANS_BLUE_32,69,11
INV000602,M001,WH_SOUTH,BACKPACK_GREY,144,73
INV000603,M001,WH_CENTRAL,TSHIRT_BLACK_L,0,0
INV000604,M001,WH_SOUTH,SPORTS_TSHIRT_RED_M,206,44
INV000605,M001,WH_EAST,TRACKPANTS_BLACK_M,4,1
INV000606,M001,WH_CENTRAL,TSHIRT_WHITE_L,126,61
INV000607,M001,WH_CENTRAL,SHOES_BLACK_9,70,67
INV000608,M001,WH_SOUTH,JACKET_DENIM_L,285,10
INV000609,M001,WH_NORTH,SHOES_BLACK_8,115,58
INV000610,M001,WH_CENTRAL,JEANS_BLUE_32,332,45
INV000611,M001,WH_WEST,FORMAL_SHIRT_BLUE_M,59,30
INV000612,M001,WH_SOUTH,KURTA_COTTON_L,388,30
INV000613,M001,WH_EAST,PERFUME_100ML,85,74
INV000614,M001,WH_SOUTH,SAREE_SILK_RED,215,63
INV000615,M001,WH_EAST,DRESS_RED_S,287,70
INV000616,M001,WH_CENTRAL,FORMAL_SHIRT_BLUE_M,274,53
INV000617,M001,WH_NORTH,FORMAL_TROUSER_BLACK_32,139,50
INV000618,M001,WH_SOUTH,DRESS_RED_M,0,0
INV000619,M001,WH_CENTRAL,HOODIE_GREY_L,245,9
INV000620,M001,WH_WEST,WALLET_BROWN,60,30
INV000621,M001,WH_SOUTH,HOODIE_GREY_L,99,60
INV000622,M001,WH_EAST,FORMAL_SHIRT_BLUE_M,267,53
INV000623,M001,WH_WEST,JACKET_DENIM_L,100,10
INV000624,M001,WH_SOUTHWEST,TSHIRT_BLACK_M,6,4
INV000625,M001,WH_CENTRAL,JEANS_BLACK_34,200,11
INV000626,M001,WH_NORTH,SHOES_BLACK_8,155,57
INV000627,M001,WH_CENTRAL,BAG_LEATHER_BROWN,80,59
INV000628,M001,WH_SOUTH,SPORTS_TSHIRT_RED_L,249,17
INV000629,M001,WH_CENTRAL,DRESS_RED_S,2,0
INV000630,M001,WH_EAST,SAREE_SILK_RED,6,1
INV000631,M001,WH_SOUTHWEST,KURTA_COTTON_M,14,8
INV000632,M001,WH_SOUTH,KURTA_COTTON_M,257,21
INV000633,M001,WH_EAST,CAP_NAVY,108,72
INV000634,M001,WH_SOUTHWEST,HOODIE_GREY_M,87,43
INV000635,M001,WH_SOUTH,DRESS_BLUE_M,240,62
INV000636,M001,WH_SOUTH,BELT_BLACK,169,79
INV000637,M001,WH_CENTRAL,SHOES_BLACK_8,275,2
INV000638,M001,WH_SOUTH,JEANS_BLACK_34,31,14
INV000639,M001,WH_WEST,SNEAKERS_GREY_9,6,4
INV000640,M001,WH_CENTRAL,FORMAL_SHIRT_BLUE_L,147,45
INV000641,M001,WH_CENTRAL,DRESS_RED_M,378,43
INV000642,M001,WH_NORTH,FORMAL_SHIRT_BLUE_M,222,70
INV000643,M001,WH_EAST,JEANS_BLUE_34,231,0
INV000644,M001,WH_CENTRAL,SNEAKERS_GREY_8,385,37
INV000645,M001,WH_NORTH,JACKET_DENIM_L,155,44
INV000646,M001,WH_NORTH,JACKET_DENIM_M,130,26
INV000647,M001,WH_NORTH,SNEAKERS_GREY_9,89,68
INV000648,M001,WH_SOUTHWEST,WATCH_CLASSIC_BLACK,103,33
INV000649,M001,WH_NORTH,BAG_CANVAS_BLACK,42,34
INV000650,M001,WH_WEST,BAG_LEATHER_BROWN,154,36
INV000651,M001,WH_EAST,DRESS_RED_S,89,72
INV000652,M001,WH_EAST,CAP_NAVY,154,49
INV000653,M001,WH_SOUTHWEST,BELT_BLACK,87,49
INV000654,M001,WH_WEST,BACKPACK_GREY,165,42
INV000655,M001,WH_EAST,TSHIRT_BLACK_L,300,77
INV000656,M001,WH_SOUTH,JEANS_BLUE_32,266,16
INV000657,M001,WH_SOUTH,TSHIRT_WHITE_M,164,4
INV000658,M001,WH_NORTH,TSHIRT_BLACK_L,55,48
INV000659,M001,WH_EAST,SHOES_WHITE_8,443,55
INV000660,M001,WH_WEST,DRESS_BLUE_S,34,31
INV000661,M001,WH_WEST,TRACKPANTS_BLACK_M,38,14
INV000662,M001,WH_WEST,TRACKPANTS_BLACK_M,214,14
INV000663,M001,WH_NORTH,JEANS_BLUE_30,89,44
INV000664,M001,WH_SOUTHWEST,TRACKPANTS_BLACK_M,56,54
INV000665,M001,WH_SOUTH,WALLET_BROWN,156,68
INV000666,M001,WH_EAST,HOODIE_GREY_M,425,35
INV000667,M001,WH_CENTRAL,JEANS_BLUE_34,375,7
INV000668,M001,WH_EAST,FORMAL_TROUSER_BLACK_34,209,51
INV000669,M001,WH_CENTRAL,TSHIRT_BLACK_L,228,43
INV000670,M001,WH_CENTRAL,HOODIE_NAVY_L,108,24
INV000671,M001,WH_NORTH,FORMAL_TROUSER_BLACK_34,8,6
INV000672,M001,WH_EAST,BAG_CANVAS_BLACK,335,60
INV000673,M001,WH_CENTRAL,BAG_CANVAS_BLACK,388,34
INV000674,M001,WH_SOUTH,SHOES_WHITE_8,84,64
INV000675,M001,WH_SOUTHWEST,DRESS_BLUE_S,30,19
INV000676,M001,WH_SOUTH,WOMEN_TOP_PINK_M,156,55
INV000677,M001,WH_WEST,FORMAL_SHIRT_BLUE_L,157,14
INV000678,M001,WH_EAST,SHOES_WHITE_8,284,14
INV000679,M001,WH_CENTRAL,SHOES_BLACK_8,7,6
INV000680,M001,WH_SOUTH,TRACKPANTS_BLACK_L,10,5
INV000681,M001,WH_SOUTHWEST,TSHIRT_BLACK_M,11,2
INV000682,M001,WH_NORTH,JEANS_BLUE_30,75,21
INV000683,M001,WH_NORTH,JEANS_BLUE_30,86,54
INV000684,M001,WH_WEST,JEANS_BLACK_34,174,59
INV000685,M001,WH_EAST,TSHIRT_BLACK_L,248,71
INV000686,M001,WH_CENTRAL,DRESS_RED_M,215,62
INV000687,M001,WH_CENTRAL,DRESS_BLUE_M,3,2
INV000688,M001,WH_SOUTH,BAG_CANVAS_BLACK,54,38
INV000689,M001,WH_NORTH,SNEAKERS_GREY_9,132,9
INV000690,M001,WH_NORTH,WALLET_BROWN,161,17
INV000691,M001,WH_EAST,WATCH_SPORT_SILVER,232,21
INV000692,M001,WH_NORTH,BACKPACK_GREY,8,0
INV000693,M001,WH_EAST,SHOES_WHITE_9,279,17
INV000694,M001,WH_NORTH,SPORTS_TSHIRT_RED_L,172,57
INV000695,M001,WH_CENTRAL,JEANS_BLUE_34,214,73
INV000696,M001,WH_WEST,SNEAKERS_GREY_8,83,74
INV000697,M001,WH_CENTRAL,FORMAL_SHIRT_BLUE_M,498,72
INV000698,M001,WH_SOUTH,HOODIE_NAVY_M,9,6
INV000699,M001,WH_SOUTH,WALLET_BROWN,353,62
INV000700,M001,WH_EAST,SHOES_BLACK_8,328,76
INV000701,M001,WH_SOUTH,SPORTS_TSHIRT_RED_M,6,1
INV000702,M001,WH_WEST,TSHIRT_WHITE_L,220,26
INV000703,M001,WH_NORTH,SAREE_SILK_RED,177,60
INV000704,M001,WH_WEST,TRACKPANTS_BLACK_M,128,57
INV000705,M001,WH_SOUTH,TSHIRT_BLACK_L,273,33
INV000706,M001,WH_SOUTHWEST,DRESS_RED_M,32,4
INV000707,M001,WH_EAST,JEANS_BLUE_34,294,3
INV000708,M001,WH_CENTRAL,SHOES_BLACK_8,360,44
INV000709,M001,WH_SOUTHWEST,TRACKPANTS_BLACK_M,68,12
INV000710,M001,WH_SOUTH,BAG_CANVAS_BLACK,211,31
INV000711,M001,WH_CENTRAL,SNEAKERS_GREY_9,205,19
INV000712,M001,WH_CENTRAL,BACKPACK_GREY,443,1
INV000713,M001,WH_CENTRAL,TSHIRT_NAVY_M,230,12
INV000714,M001,WH_SOUTHWEST,WATCH_SPORT_SILVER,7,6
INV000715,M001,WH_CENTRAL,JEANS_BLACK_34,51,43
INV000716,M001,WH_NORTH,JEANS_BLUE_32,178,11
INV000717,M001,WH_SOUTH,TSHIRT_BLACK_M,53,21
INV000718,M001,WH_SOUTH,TSHIRT_NAVY_M,157,35
INV000719,M001,WH_WEST,WATCH_SPORT_SILVER,8,6
INV000720,M001,WH_CENTRAL,WOMEN_TOP_PINK_M,265,29
INV000721,M001,WH_NORTH,SAREE_SILK_RED,218,8
INV000722,M001,WH_CENTRAL,BAG_LEATHER_BROWN,25,11
INV000723,M001,WH_EAST,BACKPACK_GREY,269,39
INV000724,M001,WH_SOUTH,JEANS_BLUE_34,5,1
INV000725,M001,WH_WEST,TSHIRT_WHITE_L,93,6
INV000726,M001,WH_SOUTH,JACKET_DENIM_L,42,10
INV000727,M001,WH_CENTRAL,KURTA_COTTON_L,149,62
INV000728,M001,WH_SOUTHWEST,BACKPACK_GREY,56,16
INV000729,M001,WH_NORTH,KURTA_COTTON_L,99,62
INV000730,M001,WH_WEST,TSHIRT_WHITE_L,89,64
INV000731,M001,WH_NORTH,WOMEN_TOP_PINK_M,108,65
INV000732,M001,WH_WEST,JACKET_DENIM_L,118,24
INV000733,M001,WH_CENTRAL,DRESS_RED_S,5,0
INV000734,M001,WH_WEST,TSHIRT_BLACK_M,209,24
INV000735,M001,WH_CENTRAL,SHOES_WHITE_8,262,34
INV000736,M001,WH_EAST,JEANS_BLUE_32,398,34
INV000737,M001,WH_CENTRAL,WATCH_CLASSIC_BLACK,298,76
INV000738,M001,WH_SOUTH,DRESS_RED_S,231,73
INV000739,M001,WH_NORTH,WOMEN_TOP_PINK_M,230,12
INV000740,M001,WH_CENTRAL,JEANS_BLUE_34,350,22
INV000741,M001,WH_WEST,TRACKPANTS_BLACK_L,198,54
INV000742,M001,WH_SOUTH,FORMAL_SHIRT_BLUE_M,98,79
INV000743,M001,WH_CENTRAL,TSHIRT_WHITE_L,33,27
INV000744,M001,WH_CENTRAL,TSHIRT_NAVY_M,241,68
INV000745,M001,WH_WEST,JEANS_BLUE_32,4,2
INV000746,M001,WH_SOUTHWEST,TSHIRT_BLACK_L,16,6
INV000747,M001,WH_CENTRAL,HOODIE_GREY_M,230,78
INV000748,M001,WH_NORTH,BAG_LEATHER_BROWN,97,34
INV000749,M001,WH_CENTRAL,SUNGLASSES_BLACK,285,35
INV000750,M001,WH_EAST,WOMEN_TOP_PINK_M,449,42
INV000751,M001,WH_CENTRAL,BAG_CANVAS_BLACK,456,43
INV000752,M001,WH_SOUTH,BACKPACK_GREY,48,8
INV000753,M001,WH_SOUTHWEST,DRESS_RED_S,90,30
INV000754,M001,WH_CENTRAL,JEANS_BLUE_32,388,43
INV000755,M001,WH_CENTRAL,SNEAKERS_GREY_9,6,6
INV000756,M001,WH_SOUTH,WATCH_CLASSIC_BLACK,2,1
INV000757,M001,WH_WEST,FORMAL_SHIRT_BLUE_M,139,30
INV000758,M001,WH_CENTRAL,TSHIRT_BLACK_L,369,70
INV000759,M001,WH_SOUTHWEST,JEANS_BLACK_34,73,6
INV000760,M001,WH_CENTRAL,CAP_NAVY,242,76
INV000761,M001,WH_CENTRAL,BACKPACK_GREY,397,6
INV000762,M001,WH_EAST,SNEAKERS_GREY_9,0,0
INV000763,M001,WH_EAST,SHOES_BLACK_8,231,30
INV000764,M001,WH_WEST,SAREE_SILK_RED,181,30
INV000765,M001,WH_NORTH,BAG_LEATHER_BROWN,106,65
INV000766,M001,WH_NORTH,SHOES_BLACK_8,223,70
INV000767,M001,WH_CENTRAL,JEANS_BLUE_32,303,77
INV000768,M001,WH_CENTRAL,SHOES_WHITE_8,215,16
INV000769,M001,WH_WEST,WOMEN_TOP_PINK_M,243,29
INV000770,M001,WH_WEST,DRESS_RED_M,178,27
INV000771,M001,WH_SOUTH,DRESS_RED_S,284,15
INV000772,M001,WH_EAST,JACKET_DENIM_L,258,42
INV000773,M001,WH_CENTRAL,HOODIE_NAVY_L,112,68
INV000774,M001,WH_CENTRAL,FORMAL_SHIRT_BLUE_M,347,6
INV000775,M001,WH_NORTH,SHOES_BLACK_9,35,18
INV000776,M001,WH_CENTRAL,JEANS_BLUE_30,167,6
INV000777,M001,WH_SOUTHWEST,PERFUME_100ML,66,27
INV000778,M001,WH_SOUTHWEST,DRESS_RED_M,104,58
INV000779,M001,WH_CENTRAL,DRESS_BLUE_S,178,30
INV000780,M001,WH_WEST,SAREE_SILK_RED,192,49
INV000781,M001,WH_CENTRAL,JEANS_BLUE_30,165,15
INV000782,M001,WH_SOUTHWEST,TRACKPANTS_BLACK_M,49,13
INV000783,M001,WH_SOUTH,DRESS_RED_S,354,10
INV000784,M001,WH_WEST,TSHIRT_WHITE_M,140,56
INV000785,M001,WH_EAST,DRESS_RED_S,7,0
INV000786,M001,WH_WEST,WATCH_CLASSIC_BLACK,204,68
INV000787,M001,WH_SOUTHWEST,FORMAL_SHIRT_BLUE_L,115,48
INV000788,M001,WH_SOUTHWEST,SHOES_BLACK_8,30,23
INV000789,M001,WH_WEST,SHOES_BLACK_8,9,6
INV000790,M001,WH_NORTH,SHOES_BLACK_8,175,80
INV000791,M001,WH_WEST,DRESS_RED_M,45,25
INV000792,M001,WH_WEST,SNEAKERS_GREY_9,37,23
INV000793,M001,WH_SOUTH,WALLET_BROWN,395,7
INV000794,M001,WH_SOUTHWEST,SAREE_SILK_RED,104,2
INV000795,M001,WH_SOUTH,SPORTS_TSHIRT_RED_L,253,45
INV000796,M001,WH_SOUTHWEST,JEANS_BLACK_32,106,77
INV000797,M001,WH_EAST,BAG_CANVAS_BLACK,291,9
INV000798,M001,WH_EAST,WATCH_SPORT_SILVER,179,64
INV000799,M001,WH_EAST,SAREE_SILK_RED,472,45
INV000800,M001,WH_SOUTHWEST,TSHIRT_BLACK_L,92,47
INV000801,M001,WH_EAST,WATCH_CLASSIC_BLACK,408,71
INV000802,M001,WH_SOUTH,JEANS_BLUE_30,5,3
INV000803,M001,WH_SOUTHWEST,WATCH_SPORT_SILVER,96,73
INV000804,M001,WH_EAST,WOMEN_TOP_PINK_M,439,2
INV000805,M001,WH_CENTRAL,FORMAL_SHIRT_BLUE_L,0,0
INV000806,M001,WH_SOUTHWEST,WATCH_CLASSIC_BLACK,10,10
INV000807,M001,WH_WEST,TSHIRT_BLACK_L,238,62
INV000808,M001,WH_EAST,HOODIE_NAVY_L,164,57
INV000809,M001,WH_SOUTHWEST,DRESS_RED_S,2,2
INV000810,M001,WH_EAST,CAP_NAVY,277,75
INV000811,M001,WH_WEST,TSHIRT_NAVY_M,189,20
INV000812,M001,WH_EAST,JACKET_DENIM_L,151,77
INV000813,M001,WH_SOUTHWEST,DRESS_BLUE_S,2,2
INV000814,M001,WH_SOUTH,JEANS_BLUE_30,230,68
INV000815,M001,WH_SOUTH,SPORTS_TSHIRT_RED_M,215,10
INV000816,M001,WH_CENTRAL,SHOES_BLACK_9,81,15
INV000817,M001,WH_WEST,JEANS_BLUE_34,216,51
INV000818,M001,WH_EAST,SAREE_COTTON_BLUE,9,1
INV000819,M001,WH_SOUTHWEST,FORMAL_SHIRT_BLUE_L,65,17
INV000820,M001,WH_NORTH,HOODIE_GREY_M,51,2
INV000821,M001,WH_SOUTHWEST,WATCH_SPORT_SILVER,8,3
INV000822,M001,WH_EAST,FORMAL_SHIRT_BLUE_M,325,8
INV000823,M001,WH_CENTRAL,TSHIRT_WHITE_L,237,59
INV000824,M001,WH_NORTH,WOMEN_TOP_PINK_S,91,47
INV000825,M001,WH_CENTRAL,TSHIRT_WHITE_M,39,0
INV000826,M001,WH_SOUTH,BACKPACK_GREY,283,59
INV000827,M001,WH_SOUTH,TRACKPANTS_BLACK_L,38,25
INV000828,M001,WH_CENTRAL,HOODIE_GREY_M,259,26
INV000829,M001,WH_EAST,SPORTS_TSHIRT_RED_M,114,77
INV000830,M001,WH_NORTH,SHOES_BLACK_9,170,72
INV000831,M001,WH_CENTRAL,BAG_CANVAS_BLACK,268,74
INV000832,M001,WH_EAST,DRESS_BLUE_M,242,10
INV000833,M001,WH_SOUTH,WOMEN_TOP_PINK_S,262,34
INV000834,M001,WH_SOUTHWEST,SAREE_SILK_RED,58,13
INV000835,M001,WH_EAST,SPORTS_TSHIRT_RED_M,254,62
INV000836,M001,WH_SOUTH,KURTA_COTTON_M,151,25
INV000837,M001,WH_NORTH,TRACKPANTS_BLACK_L,180,73
INV000838,M001,WH_WEST,TRACKPANTS_BLACK_M,3,1
INV000839,M001,WH_SOUTH,HOODIE_GREY_L,175,73
INV000840,M001,WH_SOUTH,DRESS_RED_S,158,18
INV000841,M001,WH_EAST,SUNGLASSES_BLACK,155,4
INV000842,M001,WH_NORTH,BACKPACK_GREY,104,36
INV000843,M001,WH_WEST,TRACKPANTS_BLACK_L,182,71
INV000844,M001,WH_EAST,SHOES_WHITE_8,280,4
INV000845,M001,WH_SOUTHWEST,FORMAL_SHIRT_BLUE_M,94,40
INV000846,M001,WH_CENTRAL,SUNGLASSES_BLACK,82,34
INV000847,M001,WH_CENTRAL,CAP_NAVY,123,23
INV000848,M001,WH_NORTH,FORMAL_TROUSER_BLACK_32,238,79
INV000849,M001,WH_WEST,SHOES_WHITE_8,160,15
INV000850,M001,WH_WEST,WOMEN_TOP_PINK_M,87,34
INV000851,M001,WH_CENTRAL,BAG_CANVAS_BLACK,473,79
INV000852,M001,WH_WEST,BAG_LEATHER_BROWN,72,72
INV000853,M001,WH_WEST,SNEAKERS_GREY_9,97,19
INV000854,M001,WH_EAST,JEANS_BLUE_32,304,46
INV000855,M001,WH_EAST,KURTA_COTTON_L,66,11
INV000856,M001,WH_NORTH,SHOES_WHITE_9,230,79
INV000857,M001,WH_SOUTHWEST,SNEAKERS_GREY_8,65,8
INV000858,M001,WH_CENTRAL,FORMAL_SHIRT_BLUE_L,36,5
INV000859,M001,WH_WEST,JEANS_BLUE_34,119,32
INV000860,M001,WH_SOUTHWEST,FORMAL_TROUSER_BLACK_32,73,34
INV000861,M001,WH_SOUTH,TSHIRT_BLACK_L,151,60
INV000862,M001,WH_SOUTHWEST,JEANS_BLACK_32,1,0
INV000863,M001,WH_SOUTHWEST,DRESS_RED_S,119,71
INV000864,M001,WH_SOUTH,DRESS_BLUE_S,160,22
INV000865,M001,WH_NORTH,TSHIRT_BLACK_M,7,0
INV000866,M001,WH_SOUTHWEST,SHOES_WHITE_8,39,29
INV000867,M001,WH_CENTRAL,SAREE_COTTON_BLUE,236,26
INV000868,M001,WH_WEST,TRACKPANTS_BLACK_L,83,48
INV000869,M001,WH_EAST,SUNGLASSES_BLACK,76,55
INV000870,M001,WH_SOUTHWEST,JACKET_DENIM_M,98,30
INV000871,M001,WH_WEST,TRACKPANTS_BLACK_L,113,71
INV000872,M001,WH_SOUTH,BELT_BLACK,86,40
INV000873,M001,WH_CENTRAL,SHOES_BLACK_8,324,3
INV000874,M001,WH_EAST,SHOES_WHITE_8,373,26
INV000875,M001,WH_SOUTH,SNEAKERS_GREY_8,42,11
INV000876,M001,WH_WEST,WATCH_SPORT_SILVER,5,4
INV000877,M001,WH_CENTRAL,SHOES_WHITE_8,6,6
INV000878,M001,WH_EAST,TSHIRT_WHITE_M,225,35
INV000879,M001,WH_SOUTHWEST,FORMAL_TROUSER_BLACK_32,33,20
INV000880,M001,WH_SOUTH,TSHIRT_NAVY_M,204,30
INV000881,M001,WH_EAST,JEANS_BLACK_32,66,51
INV000882,M001,WH_NORTH,SPORTS_TSHIRT_RED_L,45,15
INV000883,M001,WH_CENTRAL,FORMAL_SHIRT_BLUE_L,43,31
INV000884,M001,WH_EAST,FORMAL_TROUSER_BLACK_34,208,21
INV000885,M001,WH_SOUTHWEST,BACKPACK_GREY,20,9
INV000886,M001,WH_WEST,WOMEN_TOP_PINK_M,48,48
INV000887,M001,WH_CENTRAL,JEANS_BLACK_34,273,52
INV000888,M001,WH_WEST,JACKET_DENIM_L,122,69
INV000889,M001,WH_NORTH,DRESS_RED_M,187,8
INV000890,M001,WH_SOUTH,SAREE_COTTON_BLUE,191,17
INV000891,M001,WH_SOUTHWEST,TSHIRT_BLACK_L,111,48
INV000892,M001,WH_EAST,SNEAKERS_GREY_9,254,23
INV000893,M001,WH_CENTRAL,TRACKPANTS_BLACK_M,125,42
INV000894,M001,WH_SOUTH,BAG_LEATHER_BROWN,218,6
INV000895,M001,WH_CENTRAL,SUNGLASSES_BLACK,97,10
INV000896,M001,WH_NORTH,DRESS_RED_M,234,47
INV000897,M001,WH_CENTRAL,TRACKPANTS_BLACK_M,240,25
INV000898,M001,WH_WEST,FORMAL_SHIRT_BLUE_L,153,57
INV000899,M001,WH_WEST,WALLET_BROWN,232,14
INV000900,M001,WH_SOUTH,HOODIE_NAVY_M,18,13
INV000901,M001,WH_SOUTH,SAREE_COTTON_BLUE,348,1
INV000902,M001,WH_SOUTHWEST,KURTA_COTTON_M,76,68
INV000903,M001,WH_WEST,WOMEN_TOP_PINK_M,209,68
INV000904,M001,WH_CENTRAL,FORMAL_SHIRT_BLUE_L,39,20
INV000905,M001,WH_NORTH,FORMAL_TROUSER_BLACK_34,179,20
INV000906,M001,WH_WEST,JEANS_BLUE_32,9,2
INV000907,M001,WH_CENTRAL,HOODIE_GREY_M,500,16
INV000908,M001,WH_SOUTHWEST,JEANS_BLACK_34,6,5
INV000909,M001,WH_WEST,BACKPACK_GREY,185,23
INV000910,M001,WH_SOUTHWEST,WOMEN_TOP_PINK_M,109,58
INV000911,M001,WH_SOUTHWEST,JEANS_BLUE_34,95,9
INV000912,M001,WH_NORTH,FORMAL_SHIRT_BLUE_M,231,47
INV000913,M001,WH_CENTRAL,SHOES_BLACK_8,216,63
INV000914,M001,WH_WEST,SHOES_WHITE_9,82,44
INV000915,M001,WH_SOUTHWEST,JEANS_BLUE_32,67,47
INV000916,M001,WH_SOUTH,TRACKPANTS_BLACK_L,279,44
INV000917,M001,WH_WEST,FORMAL_TROUSER_BLACK_32,40,22
INV000918,M001,WH_CENTRAL,KURTA_COTTON_L,294,31
INV000919,M001,WH_CENTRAL,WATCH_CLASSIC_BLACK,265,66
INV000920,M001,WH_EAST,HOODIE_NAVY_L,180,53
INV000921,M001,WH_SOUTH,HOODIE_GREY_L,84,7
INV000922,M001,WH_NORTH,TSHIRT_BLACK_M,135,1
INV000923,M001,WH_SOUTHWEST,HOODIE_GREY_M,107,49
INV000924,M001,WH_WEST,FORMAL_TROUSER_BLACK_32,0,0
INV000925,M001,WH_EAST,SHOES_BLACK_9,10,10
INV000926,M001,WH_EAST,SNEAKERS_GREY_8,386,41
INV000927,M001,WH_WEST,JEANS_BLUE_34,114,0
INV000928,M001,WH_CENTRAL,TSHIRT_BLACK_M,263,15
INV000929,M001,WH_SOUTHWEST,SHOES_WHITE_8,92,72
INV000930,M001,WH_SOUTH,DRESS_BLUE_S,214,16
INV000931,M001,WH_CENTRAL,SAREE_COTTON_BLUE,268,38
INV000932,M001,WH_SOUTH,SPORTS_TSHIRT_RED_L,214,52
INV000933,M001,WH_SOUTH,FORMAL_SHIRT_BLUE_M,73,53
INV000934,M001,WH_EAST,SHOES_WHITE_9,213,54
INV000935,M001,WH_CENTRAL,HOODIE_GREY_L,12,11
INV000936,M001,WH_CENTRAL,TSHIRT_BLACK_L,253,1
INV000937,M001,WH_SOUTH,HOODIE_GREY_M,296,19
INV000938,M001,WH_EAST,KURTA_COTTON_L,25,7
INV000939,M001,WH_CENTRAL,HOODIE_GREY_M,326,17
INV000940,M001,WH_NORTH,KURTA_COTTON_L,93,25
INV000941,M001,WH_EAST,SAREE_COTTON_BLUE,39,28
INV000942,M001,WH_EAST,SHOES_BLACK_8,324,17
INV000943,M001,WH_SOUTH,JEANS_BLACK_34,233,5
INV000944,M001,WH_SOUTH,KURTA_COTTON_L,171,46
INV000945,M001,WH_NORTH,WOMEN_TOP_PINK_M,95,72
INV000946,M001,WH_SOUTHWEST,WATCH_CLASSIC_BLACK,22,4
INV000947,M001,WH_NORTH,SNEAKERS_GREY_8,187,56
INV000948,M001,WH_SOUTHWEST,WATCH_SPORT_SILVER,78,77
INV000949,M001,WH_NORTH,HOODIE_GREY_M,196,6
INV000950,M001,WH_EAST,TSHIRT_BLACK_M,374,41
INV000951,M001,WH_CENTRAL,SNEAKERS_GREY_8,334,3
INV000952,M001,WH_SOUTH,KURTA_COTTON_M,206,50
INV000953,M001,WH_EAST,WOMEN_TOP_PINK_S,45,17
INV000954,M001,WH_WEST,TRACKPANTS_BLACK_L,66,44
INV000955,M001,WH_NORTH,TRACKPANTS_BLACK_L,237,65
INV000956,M001,WH_CENTRAL,WATCH_CLASSIC_BLACK,299,47
INV000957,M001,WH_SOUTHWEST,DRESS_BLUE_S,22,4
INV000958,M001,WH_CENTRAL,KURTA_COTTON_L,104,40
INV000959,M001,WH_CENTRAL,SAREE_SILK_RED,442,31
INV000960,M001,WH_SOUTHWEST,DRESS_BLUE_S,63,17
INV000961,M001,WH_CENTRAL,BAG_LEATHER_BROWN,268,59
INV000962,M001,WH_NORTH,FORMAL_SHIRT_BLUE_L,58,16
INV000963,M001,WH_NORTH,KURTA_COTTON_M,75,11
INV000964,M001,WH_SOUTH,SPORTS_TSHIRT_RED_L,3,1
INV000965,M001,WH_SOUTH,SAREE_SILK_RED,136,23
INV000966,M001,WH_WEST,SHOES_WHITE_8,209,33
INV000967,M001,WH_NORTH,WATCH_CLASSIC_BLACK,236,59
INV000968,M001,WH_NORTH,JEANS_BLUE_32,102,64
INV000969,M001,WH_CENTRAL,HOODIE_NAVY_M,43,34
INV000970,M001,WH_CENTRAL,FORMAL_SHIRT_BLUE_L,259,16
INV000971,M001,WH_CENTRAL,SAREE_SILK_RED,301,16
INV000972,M001,WH_SOUTH,JEANS_BLUE_30,245,40
INV000973,M001,WH_NORTH,WALLET_BROWN,6,2
INV000974,M001,WH_EAST,HOODIE_GREY_L,2,2
INV000975,M001,WH_SOUTHWEST,FORMAL_TROUSER_BLACK_32,100,8
INV000976,M001,WH_SOUTH,TSHIRT_NAVY_M,68,14
INV000977,M001,WH_WEST,WALLET_BROWN,174,54
INV000978,M001,WH_WEST,BACKPACK_GREY,184,13
INV000979,M001,WH_NORTH,WOMEN_TOP_PINK_M,193,44
INV000980,M001,WH_SOUTH,DRESS_RED_S,204,20
INV000981,M001,WH_NORTH,FORMAL_TROUSER_BLACK_32,63,46
INV000982,M001,WH_WEST,BAG_CANVAS_BLACK,242,10
INV000983,M001,WH_WEST,HOODIE_GREY_M,132,65
INV000984,M001,WH_WEST,TSHIRT_BLACK_L,1,0
INV000985,M001,WH_NORTH,JEANS_BLUE_30,1,1
INV000986,M001,WH_WEST,SNEAKERS_GREY_9,10,6
INV000987,M001,WH_EAST,WOMEN_TOP_PINK_M,332,67
INV000988,M001,WH_SOUTH,JEANS_BLACK_34,223,22
INV000989,M001,WH_SOUTH,JEANS_BLUE_32,295,13
INV000990,M001,WH_WEST,DRESS_BLUE_S,194,78
INV000991,M001,WH_EAST,JEANS_BLACK_32,198,47
INV000992,M001,WH_WEST,JEANS_BLUE_34,85,6
INV000993,M001,WH_WEST,JEANS_BLUE_32,208,71
INV000994,M001,WH_SOUTH,KURTA_COTTON_M,99,48
INV000995,M001,WH_SOUTH,SHOES_BLACK_8,297,4
INV000996,M001,WH_SOUTH,SUNGLASSES_BLACK,189,60
INV000997,M001,WH_CENTRAL,JEANS_BLUE_34,9,8
INV000998,M001,WH_SOUTHWEST,DRESS_RED_M,108,25
INV000999,M001,WH_CENTRAL,SAREE_COTTON_BLUE,208,31
INV001000,M001,WH_WEST,SHOES_BLACK_8,110,11
INV001001,M001,WH_SOUTHWEST,SHOES_BLACK_8,66,16
INV001002,M001,WH_NORTH,FORMAL_TROUSER_BLACK_32,160,23
INV001003,M001,WH_WEST,SHOES_BLACK_8,52,50
INV001004,M001,WH_WEST,DRESS_BLUE_S,205,58
INV001005,M001,WH_EAST,WATCH_SPORT_SILVER,262,63
INV001006,M001,WH_NORTH,SHOES_WHITE_9,162,0
INV001007,M001,WH_SOUTH,PERFUME_100ML,7,5
INV001008,M001,WH_WEST,TSHIRT_WHITE_L,248,57
INV001009,M001,WH_CENTRAL,SHOES_WHITE_8,447,38
INV001010,M001,WH_CENTRAL,FORMAL_SHIRT_BLUE_L,289,16
INV001011,M001,WH_SOUTHWEST,WOMEN_TOP_PINK_M,68,44
INV001012,M001,WH_WEST,SNEAKERS_GREY_9,63,1
INV001013,M001,WH_NORTH,SHOES_BLACK_8,226,58
INV001014,M001,WH_NORTH,WATCH_CLASSIC_BLACK,44,11
INV001015,M001,WH_NORTH,HOODIE_GREY_L,103,20
INV001016,M001,WH_SOUTH,BELT_BLACK,124,39
INV001017,M001,WH_SOUTH,SAREE_COTTON_BLUE,342,15
INV001018,M001,WH_SOUTHWEST,WOMEN_TOP_PINK_M,30,21
INV001019,M001,WH_CENTRAL,DRESS_RED_S,192,77
INV001020,M001,WH_SOUTHWEST,SAREE_SILK_RED,12,7
INV001021,M001,WH_EAST,SHOES_WHITE_9,234,68
INV001022,M001,WH_EAST,SUNGLASSES_BLACK,256,24
INV001023,M001,WH_SOUTHWEST,TSHIRT_BLACK_M,0,0
INV001024,M001,WH_SOUTHWEST,SHOES_WHITE_8,56,53
INV001025,M001,WH_SOUTHWEST,DRESS_BLUE_M,1,1
INV001026,M001,WH_EAST,SUNGLASSES_BLACK,208,79
INV001027,M001,WH_NORTH,WALLET_BROWN,216,28
INV001028,M001,WH_SOUTH,DRESS_BLUE_S,392,29
INV001029,M001,WH_SOUTH,SNEAKERS_GREY_8,258,79
INV001030,M001,WH_WEST,SNEAKERS_GREY_9,176,62
INV001031,M001,WH_WEST,JEANS_BLACK_34,224,32
INV001032,M001,WH_NORTH,BACKPACK_GREY,137,38
INV001033,M001,WH_CENTRAL,WATCH_CLASSIC_BLACK,434,66
INV001034,M001,WH_NORTH,FORMAL_SHIRT_BLUE_L,9,4
INV001035,M001,WH_WEST,KURTA_COTTON_M,237,54
INV001036,M001,WH_EAST,BAG_CANVAS_BLACK,372,68
INV001037,M001,WH_SOUTH,SHOES_WHITE_8,154,60
INV001038,M001,WH_EAST,JEANS_BLACK_32,54,10
INV001039,M001,WH_SOUTH,JEANS_BLUE_34,286,2
INV001040,M001,WH_NORTH,WALLET_BROWN,170,54
INV001041,M001,WH_EAST,KURTA_COTTON_L,239,25
INV001042,M001,WH_CENTRAL,KURTA_COTTON_M,2,1
INV001043,M001,WH_WEST,JEANS_BLACK_34,68,7
INV001044,M001,WH_NORTH,SHOES_WHITE_8,216,63
INV001045,M001,WH_CENTRAL,WATCH_SPORT_SILVER,245,44
INV001046,M001,WH_WEST,WOMEN_TOP_PINK_M,94,47
INV001047,M001,WH_SOUTH,HOODIE_GREY_L,89,21
INV001048,M001,WH_EAST,SAREE_SILK_RED,487,61
INV001049,M001,WH_NORTH,KURTA_COTTON_M,10,6
INV001050,M001,WH_EAST,JEANS_BLUE_34,6,4
INV001051,M001,WH_CENTRAL,TSHIRT_BLACK_M,341,55
INV001052,M001,WH_EAST,HOODIE_GREY_L,193,71
INV001053,M001,WH_NORTH,JEANS_BLUE_30,190,55
INV001054,M001,WH_SOUTH,JEANS_BLUE_34,7,2
INV001055,M001,WH_SOUTHWEST,FORMAL_SHIRT_BLUE_M,34,10
INV001056,M001,WH_EAST,TSHIRT_BLACK_M,472,68
INV001057,M001,WH_CENTRAL,BACKPACK_GREY,309,75
INV001058,M001,WH_NORTH,JEANS_BLUE_34,44,26
INV001059,M001,WH_SOUTHWEST,HOODIE_GREY_M,60,60
INV001060,M001,WH_WEST,KURTA_COTTON_M,4,4
INV001061,M001,WH_SOUTH,WOMEN_TOP_PINK_M,260,52
INV001062,M001,WH_SOUTH,DRESS_RED_S,340,3
INV001063,M001,WH_CENTRAL,BAG_LEATHER_BROWN,35,23
INV001064,M001,WH_SOUTHWEST,JEANS_BLUE_34,91,6
INV001065,M001,WH_WEST,SHOES_WHITE_8,39,37
INV001066,M001,WH_SOUTHWEST,BELT_BLACK,2,0
INV001067,M001,WH_NORTH,SAREE_COTTON_BLUE,124,77
INV001068,M001,WH_EAST,TRACKPANTS_BLACK_M,222,73
INV001069,M001,WH_SOUTHWEST,JEANS_BLUE_32,40,6
INV001070,M001,WH_WEST,WATCH_CLASSIC_BLACK,53,41
INV001071,M001,WH_CENTRAL,HOODIE_NAVY_L,167,31
INV001072,M001,WH_NORTH,TSHIRT_BLACK_M,191,11
INV001073,M001,WH_CENTRAL,SUNGLASSES_BLACK,156,48
INV001074,M001,WH_SOUTHWEST,SNEAKERS_GREY_8,22,16
INV001075,M001,WH_NORTH,FORMAL_SHIRT_BLUE_L,38,18
INV001076,M001,WH_WEST,WALLET_BROWN,90,67
INV001077,M001,WH_CENTRAL,DRESS_BLUE_M,210,40
INV001078,M001,WH_CENTRAL,BACKPACK_GREY,317,52
INV001079,M001,WH_SOUTHWEST,FORMAL_SHIRT_BLUE_L,3,2
INV001080,M001,WH_NORTH,JACKET_DENIM_L,106,22
INV001081,M001,WH_SOUTH,BELT_BLACK,0,0
INV001082,M001,WH_SOUTHWEST,JEANS_BLUE_32,4,3
INV001083,M001,WH_NORTH,FORMAL_SHIRT_BLUE_M,227,80
INV001084,M001,WH_SOUTHWEST,WATCH_CLASSIC_BLACK,66,31
INV001085,M001,WH_SOUTHWEST,SAREE_SILK_RED,96,61
INV001086,M001,WH_EAST,SNEAKERS_GREY_9,263,44
INV001087,M001,WH_SOUTH,WOMEN_TOP_PINK_M,246,31
INV001088,M001,WH_SOUTH,TRACKPANTS_BLACK_L,220,5
INV001089,M001,WH_NORTH,WOMEN_TOP_PINK_S,215,73
INV001090,M001,WH_SOUTH,SUNGLASSES_BLACK,373,1
INV001091,M001,WH_CENTRAL,DRESS_BLUE_S,225,44
INV001092,M001,WH_SOUTH,SNEAKERS_GREY_8,8,2
INV001093,M001,WH_EAST,PERFUME_100ML,185,12
INV001094,M001,WH_NORTH,SNEAKERS_GREY_9,196,31
INV001095,M001,WH_EAST,WOMEN_TOP_PINK_S,9,1
INV001096,M001,WH_EAST,SHOES_WHITE_9,230,3
INV001097,M001,WH_NORTH,SNEAKERS_GREY_8,227,27
INV001098,M001,WH_CENTRAL,WATCH_CLASSIC_BLACK,265,69
INV001099,M001,WH_NORTH,FORMAL_TROUSER_BLACK_34,220,22
INV001100,M001,WH_SOUTH,DRESS_RED_M,173,33
INV001101,M001,WH_EAST,BACKPACK_GREY,342,4
INV001102,M001,WH_CENTRAL,JEANS_BLACK_34,67,29
INV001103,M001,WH_WEST,FORMAL_TROUSER_BLACK_32,203,77
INV001104,M001,WH_SOUTHWEST,BELT_BLACK,32,14
INV001105,M001,WH_CENTRAL,DRESS_RED_M,378,70
INV001106,M001,WH_CENTRAL,WOMEN_TOP_PINK_M,485,79
INV001107,M001,WH_WEST,SHOES_WHITE_8,96,76
INV001108,M001,WH_EAST,TSHIRT_BLACK_M,364,12
INV001109,M001,WH_EAST,SHOES_BLACK_9,144,34
INV001110,M001,WH_CENTRAL,HOODIE_NAVY_L,10,0
INV001111,M001,WH_SOUTHWEST,SAREE_SILK_RED,64,22
INV001112,M001,WH_NORTH,DRESS_RED_M,173,64
INV001113,M001,WH_EAST,HOODIE_GREY_M,370,54
INV001114,M001,WH_NORTH,SHOES_BLACK_8,234,75
INV001115,M001,WH_SOUTHWEST,JEANS_BLACK_32,5,4
INV001116,M001,WH_NORTH,FORMAL_TROUSER_BLACK_34,231,0
INV001117,M001,WH_EAST,HOODIE_GREY_M,413,11
INV001118,M001,WH_EAST,TRACKPANTS_BLACK_M,117,49
INV001119,M001,WH_CENTRAL,SNEAKERS_GREY_8,480,9
INV001120,M001,WH_SOUTHWEST,FORMAL_SHIRT_BLUE_M,116,34
INV001121,M001,WH_WEST,TSHIRT_WHITE_M,230,2
INV001122,M001,WH_SOUTH,JEANS_BLUE_34,154,25
INV001123,M001,WH_SOUTH,SHOES_WHITE_8,8,1
INV001124,M001,WH_CENTRAL,BAG_CANVAS_BLACK,209,53
INV001125,M001,WH_NORTH,WOMEN_TOP_PINK_S,108,20
INV001126,M001,WH_NORTH,SPORTS_TSHIRT_RED_L,59,30
INV001127,M001,WH_WEST,BACKPACK_GREY,147,33
INV001128,M001,WH_WEST,WOMEN_TOP_PINK_M,78,61
INV001129,M001,WH_EAST,WATCH_CLASSIC_BLACK,364,35
INV001130,M001,WH_SOUTH,HOODIE_GREY_M,78,58
INV001131,M001,WH_WEST,WATCH_SPORT_SILVER,1,0
INV001132,M001,WH_CENTRAL,TSHIRT_BLACK_L,237,77
INV001133,M001,WH_EAST,DRESS_RED_M,358,74
INV001134,M001,WH_WEST,FORMAL_SHIRT_BLUE_L,62,15
INV001135,M001,WH_EAST,KURTA_COTTON_M,345,39
INV001136,M001,WH_CENTRAL,TSHIRT_NAVY_M,230,26
INV001137,M001,WH_WEST,TRACKPANTS_BLACK_L,142,21
INV001138,M001,WH_SOUTH,SAREE_COTTON_BLUE,356,20
INV001139,M001,WH_EAST,FORMAL_TROUSER_BLACK_34,140,2
INV001140,M001,WH_SOUTHWEST,JEANS_BLACK_34,109,26
INV001141,M001,WH_CENTRAL,TSHIRT_BLACK_M,448,33
INV001142,M001,WH_WEST,HOODIE_GREY_M,167,17
INV001143,M001,WH_CENTRAL,HOODIE_GREY_M,262,27
INV001144,M001,WH_WEST,FORMAL_SHIRT_BLUE_L,94,55
INV001145,M001,WH_CENTRAL,JEANS_BLUE_32,479,4
INV001146,M001,WH_WEST,HOODIE_GREY_M,135,60
INV001147,M001,WH_SOUTH,JEANS_BLUE_32,197,13
INV001148,M001,WH_CENTRAL,SHOES_BLACK_9,18,8
INV001149,M001,WH_NORTH,SAREE_COTTON_BLUE,1,0
INV001150,M001,WH_NORTH,WATCH_CLASSIC_BLACK,0,0
INV001151,M001,WH_SOUTH,JEANS_BLUE_34,74,71
INV001152,M001,WH_WEST,JACKET_DENIM_L,113,19
INV001153,M001,WH_EAST,JEANS_BLUE_32,436,55
INV001154,M001,WH_WEST,TSHIRT_NAVY_M,127,73
INV001155,M001,WH_CENTRAL,HOODIE_NAVY_L,175,31
INV001156,M001,WH_SOUTHWEST,FORMAL_SHIRT_BLUE_L,103,67
INV001157,M001,WH_EAST,HOODIE_GREY_M,208,40
INV001158,M001,WH_EAST,DRESS_RED_M,483,27
INV001159,M001,WH_CENTRAL,DRESS_RED_M,277,56
INV001160,M001,WH_SOUTH,SPORTS_TSHIRT_RED_M,7,1
INV001161,M001,WH_WEST,SHOES_BLACK_8,196,20
INV001162,M001,WH_EAST,WOMEN_TOP_PINK_M,468,3
INV001163,M001,WH_SOUTHWEST,BAG_CANVAS_BLACK,46,10
INV001164,M001,WH_NORTH,JEANS_BLUE_32,129,21
INV001165,M001,WH_NORTH,SHOES_BLACK_8,143,23
INV001166,M001,WH_SOUTH,WOMEN_TOP_PINK_S,328,8
INV001167,M001,WH_NORTH,JACKET_DENIM_L,48,25
INV001168,M001,WH_WEST,WOMEN_TOP_PINK_M,145,31
INV001169,M001,WH_SOUTHWEST,SAREE_SILK_RED,59,9
INV001170,M001,WH_SOUTH,TSHIRT_BLACK_L,194,80
INV001171,M001,WH_EAST,BAG_CANVAS_BLACK,230,51
INV001172,M001,WH_SOUTHWEST,BACKPACK_GREY,83,51
INV001173,M001,WH_SOUTH,SNEAKERS_GREY_8,219,12
INV001174,M001,WH_EAST,JEANS_BLUE_34,451,77
INV001175,M001,WH_SOUTH,WOMEN_TOP_PINK_M,4,0
INV001176,M001,WH_NORTH,TSHIRT_NAVY_M,203,64
INV001177,M001,WH_SOUTHWEST,DRESS_BLUE_S,19,1
INV001178,M001,WH_NORTH,SHOES_WHITE_9,2,1
INV001179,M001,WH_SOUTHWEST,PERFUME_100ML,57,46
INV001180,M001,WH_SOUTHWEST,JEANS_BLACK_34,56,46
INV001181,M001,WH_CENTRAL,KURTA_COTTON_L,92,1
INV001182,M001,WH_SOUTH,SUNGLASSES_BLACK,378,62
INV001183,M001,WH_EAST,HOODIE_NAVY_L,107,20
INV001184,M001,WH_WEST,SAREE_SILK_RED,62,34
INV001185,M001,WH_SOUTH,JEANS_BLUE_34,102,16
INV001186,M001,WH_SOUTH,DRESS_BLUE_M,279,36
INV001187,M001,WH_SOUTHWEST,FORMAL_SHIRT_BLUE_L,111,9
INV001188,M001,WH_CENTRAL,TRACKPANTS_BLACK_M,8,6
INV001189,M001,WH_NORTH,SPORTS_TSHIRT_RED_L,96,36
INV001190,M001,WH_EAST,SNEAKERS_GREY_9,247,51
INV001191,M001,WH_NORTH,SHOES_WHITE_8,44,35
INV001192,M001,WH_CENTRAL,FORMAL_SHIRT_BLUE_L,6,5
INV001193,M001,WH_WEST,SHOES_WHITE_9,182,36
INV001194,M001,WH_CENTRAL,SHOES_WHITE_8,497,13
INV001195,M001,WH_SOUTH,WATCH_CLASSIC_BLACK,210,43
INV001196,M001,WH_SOUTHWEST,SHOES_BLACK_8,41,30
INV001197,M001,WH_SOUTH,SPORTS_TSHIRT_RED_L,213,11
INV001198,M001,WH_SOUTH,BAG_LEATHER_BROWN,310,1
INV001199,M001,WH_WEST,WALLET_BROWN,56,28
INV001200,M001,WH_SOUTHWEST,PERFUME_100ML,70,56
